Organisation,Centre ID
Heart of England NHS Foundation Trust,1
Morriston Hospital,2
Nottingham University Hospitals NHS Trust,3
Southampton University Hospitals NHS Trust,4
University Hospital of South Manchester,5
Papworth Hospital NHS Foundation Trust,6
Royal Devon and Exeter NHS Foundation Trust,7
Aintree University Hospitals NHS Foundation Trust,8
North Bristol NHS Trust,9
Imperial College Healthcare NHS Trust,10
Aberdeen Royal Infirmary,11
Glasgow Royal Infirmary,12
Royal Infirmary of Edinburgh,13
The Newcastle Upon Tyne Hospitals NHS Foundation Trust,14
Taunton and Somerset NHS Foundation Trust,15
Leeds Teaching Hospitals NHS Trust,16
